INSERT INTO news (create_time, update_time, title, text)
   VALUES ('2023-05-05 13:25:53.819150','2023-05-05 13:25:53.819150','Title1','text1'),
          ('2023-05-05 13:25:53.819150','2023-05-05 13:25:53.819150','Title2','text2'),
          ('2023-05-05 13:25:53.819150','2023-05-05 13:25:53.819150','Title3','text3'),
          ('2023-05-05 13:25:53.819150','2023-05-05 13:25:53.819150','Title4','text4'),
          ('2023-05-05 13:25:53.819150','2023-05-05 13:25:53.819150','Title5','text5'),
          ('2023-05-05 13:25:53.819150','2023-05-05 13:25:53.819150','Title6','text6'),
          ('2023-05-05 13:25:53.819150','2023-05-05 13:25:53.819150','Title7','text7'),
          ('2023-05-05 13:25:53.819150','2023-05-05 13:25:53.819150','Title8','text8'),
          ('2023-05-05 13:25:53.819150','2023-05-05 13:25:53.819150','Title9','text9'),
          ('2023-05-05 13:25:53.819150','2023-05-05 13:25:53.819150','Title10','text10'),
          ('2023-05-05 13:25:53.819150','2023-05-05 13:25:53.819150','Title11','text11'),
          ('2023-05-05 13:25:53.819150','2023-05-05 13:25:53.819150','Title12','text12'),
          ('2023-05-05 13:25:53.819150','2023-05-05 13:25:53.819150','Title13','text13'),
          ('2023-05-05 13:25:53.819150','2023-05-05 13:25:53.819150','Title14','text14'),
          ('2023-05-05 13:25:53.819150','2023-05-05 13:25:53.819150','Title15','text15'),
          ('2023-05-05 13:25:53.819150','2023-05-05 13:25:53.819150','Title16','text16'),
          ('2023-05-05 13:25:53.819150','2023-05-05 13:25:53.819150','Title17','text17'),
          ('2023-05-05 13:25:53.819150','2023-05-05 13:25:53.819150','Title18','text18'),
          ('2023-05-05 13:25:53.819150','2023-05-05 13:25:53.819150','Title19','text19'),
          ('2023-05-05 13:25:53.819150','2023-05-05 13:25:53.819150','Title20','text20');

INSERT INTO users (name, role)
    VALUES  ('Alex', 'ROLE_ADMIN'),
            ('Marry','ROLE_JOURNALIST'),
            ('Genre','ROLE_SUBSCRIBER');

INSERT INTO comment (create_time, update_time, text, news_id, user_id)
    VALUES ('2023-05-05 13:25:53.819150','2023-05-05 13:25:53.819150','comment1', 1, 1),
           ('2023-05-05 13:25:53.819150','2023-05-05 13:25:53.819150','comment1', 2, 2),
           ('2023-05-05 13:25:53.819150','2023-05-05 13:25:53.819150','comment1', 3, 3),
           ('2023-05-05 13:25:53.819150','2023-05-05 13:25:53.819150','comment1', 4, 1),
           ('2023-05-05 13:25:53.819150','2023-05-05 13:25:53.819150','comment1', 5, 2),
           ('2023-05-05 13:25:53.819150','2023-05-05 13:25:53.819150','comment1', 6, 3),
           ('2023-05-05 13:25:53.819150','2023-05-05 13:25:53.819150','comment1', 7, 1),
           ('2023-05-05 13:25:53.819150','2023-05-05 13:25:53.819150','comment1', 8, 2),
           ('2023-05-05 13:25:53.819150','2023-05-05 13:25:53.819150','comment1', 9, 3),
           ('2023-05-05 13:25:53.819150','2023-05-05 13:25:53.819150','comment1', 10, 1);

INSERT INTO news_comments (news_id, comments_id)
    VALUES (1,1), (2,2), (3,3), (4,4), (5,5), (6,6), (7,7), (8,8), (9,9), (10,10)